udi,machine_failure,prediction,prob_failure
9,0,0.0,0.0017012199996939558
12,0,0.0,0.001453034365140326
14,0,0.0,0.0017117514765740863
22,0,0.0,0.0014657445761343093
24,0,0.0,0.0012716884453936382
25,0,0.0,0.001271222997861194
26,0,0.0,0.0012716884453936382
28,0,0.0,0.0012177024329623005
31,0,0.0,0.0013429340789652732
35,0,0.0,0.0012576684087236886
41,0,0.0,0.0024242689887889026
47,0,0.0,0.0013651084430984718
48,0,0.0,0.001446599889724477
51,1,1.0,0.9040750040093568
55,0,0.0,0.0012299376623670635
63,0,0.0,0.001213488790605608
68,0,0.0,0.0012459757672462798
74,0,0.0,0.0020495803418875877
82,0,0.0,0.0014221822969381728
83,0,0.0,0.001346646003788541
86,0,0.0,0.001671034864196236
88,0,0.0,0.0013150449361643735
94,0,0.0,0.001346646003788541
111,0,0.0,0.0012601730147165308
120,0,0.0,0.001340133206412381
126,0,0.0,0.0013085321387882136
142,0,0.0,0.001266865029431777
144,0,0.0,0.001361405464112439
146,0,0.0,0.0012806012931680408
157,0,0.0,0.001629583279062027
165,0,0.0,0.0015578455651408846
167,0,0.0,0.0012610589237330358
171,0,0.0,0.0014928065525438457
181,0,0.0,0.0014498351195401094
182,0,0.0,0.0012061870022851931
191,0,0.0,0.0014498351195401094
198,0,0.0,0.0012576684087236886
203,0,0.0,0.0012531947698079264
209,0,0.0,0.0013373493282253083
213,0,0.0,0.0012735902991183065
216,0,0.0,0.001266865029431777
218,0,0.0,0.001266865029431777
223,0,0.0,0.0033373428114152996
224,0,0.0,0.001266865029431777
227,0,0.0,0.0022767804218256278
232,0,0.0,0.0014057102052845208
233,0,0.0,0.0014812464984341523
235,0,0.0,0.0013122023607922083
237,0,0.0,0.0012806012931680408
242,0,0.0,0.0016071742267795618
246,0,0.0,0.0050911265239910386
251,0,0.0,0.0013150449361643735
252,0,0.0,0.001524407620168013
262,0,0.0,0.0013150449361643735
266,0,0.0,0.001346646003788541
277,0,0.0,0.0014379358788364773
285,0,0.0,0.005225171336128854
288,0,0.0,0.0012828206422062561
290,0,0.0,0.0015005075801955035
293,0,0.0,0.0022793461818829057
300,0,0.0,0.001199120712560671
302,0,0.0,0.0012119931079839343
303,0,0.0,0.0012128790170004389
309,0,0.0,0.00334601257527412
311,0,0.0,0.0012128790170004389
318,0,0.0,0.0012559145072179177
319,0,0.0,0.0012806012931680408
326,0,0.0,0.0016373593622772816
331,0,0.0,0.007468944350301018
336,0,0.0,0.0012666682004000504
341,0,0.0,0.0013531411894720608
346,0,0.0,0.0013215401218478933
352,0,0.0,0.0014681210143341968
366,0,0.0,0.0023070637415490715
369,0,0.0,0.0013195009633874951
370,0,0.0,0.0012655149509561573
383,0,0.0,0.002367835542986514
385,0,0.0,0.0012184882936674538
389,0,0.0,0.0014064435675288306
391,0,0.0,0.001365332626346755
398,0,0.0,0.0013975804736328454
399,0,0.0,0.0012331104664202225
410,0,0.0,0.0013152162367524693
418,0,0.0,0.04194196883766679
421,0,0.0,0.0014161881692241808
429,0,0.0,0.0014928065525438457
434,0,0.0,0.001671034864196236
443,1,1.0,0.9033149725706481
454,0,0.0,0.0013195009633874951
460,0,0.0,0.0013466283920959008
463,0,0.0,0.0014401362365882133
475,0,0.0,0.0013959098173764427
504,0,0.0,0.0016994745194233054
514,0,0.0,0.0014873656463422235
518,0,0.0,0.0015058090234384355
523,0,0.0,0.0013500358635467318
531,0,0.0,0.0013119396102390444
532,0,0.0,0.001367276979219331
537,0,0.0,0.0013189002434550083
544,0,0.0,0.0013177469940111148
552,0,0.0,0.0033173428625322124
553,0,0.0,0.0013284986068689086
564,0,0.0,0.0013068564913721443
565,0,0.0,0.0012528704789408062
573,0,0.0,0.0025491214748438475
574,0,0.0,0.0015595231364882408
584,0,0.0,0.017473600833298915
585,0,0.0,0.015432404489576682
586,0,0.0,0.03204743868526676
588,0,0.0,0.016327740985486342
594,0,0.0,0.0033950965281253297
600,0,0.0,0.0013132909667879934
602,0,0.0,0.00527944253764421
604,1,1.0,0.9063341347809868
605,0,0.0,0.0015077397636841857
618,0,0.0,0.001536986778155373
622,0,0.0,0.0016996974960707064
624,0,0.0,0.0014068942508626322
629,0,0.0,0.0045566531284371775
631,0,0.0,0.0015623907357081137
632,0,0.0,0.0014552533749343144
635,0,0.0,0.0015012269663080256
637,0,0.0,0.001532828033932193
638,0,0.0,0.0013607641818431711
640,0,0.0,0.0015580868558943525
641,0,0.0,0.0013220034211853888
654,0,0.0,0.005219022049797024
656,0,0.0,0.0013934696241699306
665,0,0.0,0.001475501103003082
668,0,0.0,0.0014109531261107654
669,0,0.0,0.0012165026665658693
673,0,0.0,0.006321877974022838
689,0,0.0,0.0012061870022851931
694,0,0.0,0.001346646003788541
698,0,0.0,0.0012913086348082543
703,0,0.0,0.0013606199090886576
707,0,0.0,0.0013227074213207279
709,0,0.0,0.001385100311695776
716,0,0.0,0.0032968111164299843
719,0,0.0,0.0013754455815329957
723,0,0.0,0.0014530950754079969
731,0,0.0,0.0013333409530516115
734,0,0.0,0.0012843911745774943
738,0,0.0,0.0012647115340443898
753,0,0.0,0.0617332700700536
758,0,0.0,0.004233952286812794
775,0,0.0,0.0014452290618843754
776,0,0.0,0.0014089064754236173
777,0,0.0,0.0013420399461328068
783,0,0.0,0.0012857520925585162
784,0,0.0,0.0012564528660773014
788,0,0.0,0.0015135155632551834
792,0,0.0,0.0013104388785086395
795,0,0.0,0.0012675541094165554
799,0,0.0,0.0014423919060595988
803,0,0.0,0.0013150273244717334
806,0,0.0,0.001393200132669802
813,0,0.0,0.0022808846661127643
816,0,0.0,0.0011945146549049372
824,0,0.0,0.0011945146549049372
830,0,0.0,0.0012759952355123065
831,0,0.0,0.0012759952355123065
839,0,0.0,0.0013471181351974487
844,0,0.0,0.010454292384560563
847,0,0.0,0.03974149853052348
848,1,1.0,0.9019973825369562
849,0,0.0,0.015995276402095502
850,0,0.0,0.0012564528660773014
862,0,0.0,0.0016664288065405017
869,0,0.0,0.0012551015095283525
872,0,0.0,0.002233600922498129
875,0,0.0,0.0012857520925585162
879,0,0.0,0.0012551015095283525
885,0,0.0,0.0024412665248078414
894,0,0.0,0.0013424449141863264
897,0,0.0,0.0012622589717760427
900,0,0.0,0.0013920434399723744
904,1,1.0,0.9040872445904714
906,0,0.0,0.0012938600394002103
907,0,0.0,0.0013222397097123575
910,0,0.0,0.0013075963031364739
913,0,0.0,0.0012759952355123065
915,0,0.0,0.0012082509186412008
916,0,0.0,0.0012082509186412008
919,0,0.0,0.0012398519862653681
923,0,0.0,0.0018934489628145569
935,0,0.0,0.0014681899465733867
943,0,0.0,0.0015866680918030893
948,0,0.0,0.0015024143199159296
958,0,0.0,0.0012756673578481416
966,0,0.0,0.0013752662493390518
973,0,0.0,0.0013039260811324792
985,0,0.0,0.001495345354365409
986,0,0.0,0.0012073870503282
989,0,0.0,0.001153401037896862
990,0,0.0,0.006114263917367208
995,0,0.0,0.10758504489507272
996,0,0.0,0.0012759952355123065
997,0,0.0,0.013659869016777428
1018,0,0.0,0.0013104388785086395
1023,0,0.0,0.0013104388785086395
1024,0,0.0,0.0012555669570607968
1029,0,0.0,0.0013420399461328068
1030,0,0.0,0.00128670257715252
1032,0,0.0,0.0013104388785086395
1036,0,0.0,0.0015435252610980056
1040,0,0.0,0.0013104388785086395
1041,0,0.0,0.0013104388785086395
1046,0,0.0,0.0013405273540035936
1053,0,0.0,0.0012490541596846363
1057,0,0.0,0.0013327432705695743
1059,0,0.0,0.0012622589717760427
1061,0,0.0,0.0012519165437369717
1062,0,0.0,0.0013970491551517786
1064,0,0.0,0.0011945146549049372
1067,0,0.0,0.0012056158982441908
1068,0,0.0,0.0013718278120302746
1086,1,1.0,0.9567376135454252
1095,0,0.0,0.0023540509000543634
1096,1,1.0,0.9041236674356687
1105,0,0.0,0.0014355477906251193
1109,0,0.0,0.00137730540779945
1119,0,0.0,0.0013400007876724087
1123,0,0.0,0.0013083997200482413
1129,0,0.0,0.001426817023804583
1134,0,0.0,0.001443357256090897
1140,0,0.0,0.0012056158982441908
1144,0,0.0,0.0013049612827394643
1147,0,0.0,0.0012733602151152967
1158,0,0.0,0.0012870964788515603
1165,0,0.0,0.004727487282500417
1166,0,0.0,0.00478235920394826
1172,0,0.0,0.017555176285150784
1181,0,0.0,0.0012675541094165554
1189,0,0.0,0.002306227105880587
1193,0,0.0,0.0013312417654646458
1204,0,0.0,0.001468199314682667
1210,0,0.0,0.004935255918014056
1219,0,0.0,0.0014969205920786514
1220,0,0.0,0.001273981707442284
1223,0,0.0,0.004376843408288794
1224,0,0.0,0.001381337685588183
1227,0,0.0,0.0012733602151152967
1230,0,0.0,0.003259099144853271
1233,0,0.0,0.0012733602151152967
1234,0,0.0,0.0015216544667075583
1242,0,0.0,0.0011842857706721144
1244,0,0.0,0.0016057903912786882
1264,0,0.0,0.0013171019192666522
1272,0,0.0,0.0013132909667879934
1286,0,0.0,0.0013099004517786463
1290,0,0.0,0.001305426812862884
1302,0,0.0,0.001447319275836999
1323,0,0.0,0.0015154491990191545
1328,0,0.0,0.005591209767627455
1331,0,0.0,0.004475535055312602
1332,0,0.0,0.00420332049813391
1343,0,0.0,0.0016590908685651517
1348,0,0.0,0.0014068942508626322
1355,0,0.0,0.0058129841845482744
1359,0,0.0,0.0014259918832053927
1361,0,0.0,0.0014026564538042181
1363,0,0.0,0.0014617661723104747
1369,0,0.0,0.0014026564538042181
1374,0,0.0,0.021775137281621483
1382,0,0.0,0.0014194790858292321
1390,0,0.0,0.001401345684463288
1392,1,1.0,0.9040750040093568
1394,0,0.0,0.0013606290720854378
1395,0,0.0,0.0013606290720854378
1405,0,0.0,0.0013669007112036503
1409,0,0.0,0.0015498721315752879
1411,0,0.0,0.0014090425400286454
1418,0,0.0,0.005236076821830999
1419,0,0.0,0.010694744534464272
1420,1,1.0,0.9859436758893281
1427,0,0.0,0.0015450385955988032
1429,0,0.0,0.0015077397636841857
1431,0,0.0,0.0018797505237740052
1437,0,0.0,0.0015401833604188628
1439,0,0.0,0.0015077397636841857
1441,0,0.0,0.0016501937862314939
1447,0,0.0,0.0013852752708275423
1457,0,0.0,0.0014190104014722264
1462,0,0.0,0.0015221199042251246
1465,0,0.0,0.0016931846986945457
1470,0,0.0,0.0015012269663080256
1479,0,0.0,0.0013068564913721443
1480,0,0.0,0.0023236014587268935
1495,0,0.0,0.0016350980836792462
1508,0,0.0,0.03679299202723069
1514,0,0.0,0.0013150449361643735
1516,0,0.0,0.0014928065525438457
1521,0,0.0,0.001346646003788541
1523,0,0.0,0.0012610589237330358
1534,0,0.0,0.001273668364698572
1535,0,0.0,0.0012601730147165308
1540,0,0.0,0.0013988917764769149
1545,0,0.0,0.0013991194240906657
1550,0,0.0,0.0012838453528380904
1551,0,0.0,0.0013085321387882136
1564,0,0.0,0.0014016552128075133
1578,0,0.0,0.0012806012931680408
1589,0,0.0,0.0016620461482274049
1590,0,0.0,0.015008048692532633
1593,0,0.0,0.005138182858844451
1600,0,0.0,0.0013819114654551837
1603,0,0.0,0.0012610589237330358
1618,0,0.0,0.0013150449361643735
1619,0,0.0,0.014718572923484875
1621,0,0.0,0.0013150449361643735
1622,0,0.0,0.0012601730147165308
1624,0,0.0,0.0012601730147165308
1628,0,0.0,0.0013150449361643735
1637,0,0.0,0.0013130057777039753
1649,0,0.0,0.002306361743352132
1651,0,0.0,0.0013268457673680917
1652,0,0.0,0.0013529786758184675
1657,0,0.0,0.001266865029431777
1658,0,0.0,0.001267891239962818
1662,0,0.0,0.0013463671534752906
1669,0,0.0,0.0012806012931680408
1674,0,0.0,0.001884045515248956
1682,0,0.0,0.004223563016664785
1684,0,0.0,0.00157185507036222
1686,0,0.0,0.0012601730147165308
1689,0,0.0,0.0013150449361643735
1695,0,0.0,0.0013150449361643735
1699,0,0.0,0.001346646003788541
1710,0,0.0,0.0012601730147165308
1712,0,0.0,0.002306054270642928
1713,0,0.0,0.0013150449361643735
1729,0,0.0,0.0014433223221639495
1731,0,0.0,0.0012000253141488696
1733,0,0.0,0.0012298593404067523
1739,0,0.0,0.0011580070955525962
1741,0,0.0,0.001199120712560671
1744,0,0.0,0.001377349024213062
1748,0,0.0,0.00519276685159292
1749,0,0.0,0.0011716391458849568
1750,0,0.0,0.0012806012931680408
1753,0,0.0,0.0012806012931680408
1755,0,0.0,0.0013113245732119128
1757,0,0.0,0.08747927285853668
1759,0,0.0,0.0012771199834447822
1762,0,0.0,0.004202295344052308
1766,0,0.0,0.0023258968467977418
1770,0,0.0,0.002528354937482481
1774,0,0.0,0.03788668297807655
1781,0,0.0,0.0013150449361643735
1789,0,0.0,0.001515690141430485
1793,0,0.0,0.001392220976712825
1800,0,0.0,0.0013895739506115383
1812,0,0.0,0.001199120712560671
1813,0,0.0,0.0012984660970559445
1816,0,0.0,0.001199120712560671
1819,0,0.0,0.0012641597251577105
1832,0,0.0,0.0011917014461735398
1845,0,0.0,0.0015912741494588233
1852,0,0.0,0.014018015808878575
1856,0,0.0,0.012553609623738282
1859,0,0.0,0.0012597075671840867
1863,0,0.0,0.0013819114654551837
1871,0,0.0,0.0013150449361643735
1878,0,0.0,0.0012576684087236886
1879,0,0.0,0.001386704946986282
1883,0,0.0,0.0012531947698079264
1886,0,0.0,0.0013373493282253083
1888,0,0.0,0.0012820119592450215
1890,0,0.0,0.0013379879291169192
1912,0,0.0,0.03460002301441873
1914,0,0.0,0.0015627167497712167
1922,0,0.0,0.0013150449361643735
1930,0,0.0,0.0015889305397270982
1933,0,0.0,0.0017012199996939558
1938,0,0.0,0.0014401538482808536
1945,0,0.0,0.0012601730147165308
1958,0,0.0,0.0012590197652726377
1965,0,0.0,0.001386704946986282
1966,0,0.0,0.0013085321387882136
1971,0,0.0,0.043009044643415706
1973,0,0.0,0.0012421782434816537
1978,0,0.0,0.0014075341597107813
1984,0,0.0,0.0013113245732119128
1990,0,0.0,0.0012257293717201983
1992,0,0.0,0.0012128569762969348
1997,1,1.0,0.825357021988528
2003,0,0.0,0.0012903581502142505
2024,0,0.0,0.0013586885205566408
2026,0,0.0,0.001346646003788541
2028,0,0.0,0.0012601730147165308
2032,0,0.0,0.002681677206162727
2033,0,0.0,0.001346646003788541
2034,0,0.0,0.0013291474888934337
2036,0,0.0,0.0012892694763478561
2044,0,0.0,0.001461608216958037
2056,0,0.0,0.0013258439225878728
2058,0,0.0,0.0013258439225878728
2060,0,0.0,0.001720123104444526
2067,0,0.0,0.0013395801863241364
2070,0,0.0,0.0012855941738927985
2074,0,0.0,0.001336098876600878
2081,0,0.0,0.01932205003629162
2087,0,0.0,0.0014670685813794578
2089,0,0.0,0.0024017047540417697
2104,0,0.0,0.0016410253766519125
2111,0,0.0,0.001297742709499727
2127,0,0.0,0.0014602601297923872
2129,0,0.0,0.0012364363126360352
2135,0,0.0,0.0013897758309988559
2153,0,0.0,0.0014579542092137362
2165,0,0.0,0.005000330393196057
2166,0,0.0,0.008122951771172362
2167,1,1.0,0.8906748597483964
2170,0,0.0,0.0014865189053068005
2174,0,0.0,0.0015525105961374244
2176,0,0.0,0.0015525105961374244
2182,0,0.0,0.0013646092387905372
2183,0,0.0,0.007400569922805886
2184,0,0.0,0.001330927041454773
2187,0,0.0,0.0014178654780592275
2192,0,0.0,0.001351728721931065
2196,0,0.0,0.0013270419359809416
2198,0,0.0,0.0014865189053068005
2225,0,0.0,0.0012235639172127723
2227,0,0.0,0.0014319773643628824
2235,0,0.0,0.0013172850789347319
2241,0,0.0,0.0013755875803597602
2247,0,0.0,0.0015523739271971764
2258,0,0.0,0.0012601730147165308
2267,0,0.0,0.0036803337717273253
2269,0,0.0,0.0015070203775716638
2280,0,0.0,0.0013496895634706669
2281,0,0.0,0.0013517465465729453
2286,0,0.0,0.0016280724644594526
2295,0,0.0,0.0013740331139919996
2297,0,0.0,0.001303548815198468
2302,0,0.0,0.001199120712560671
2311,0,0.0,0.0012813281408782513
2312,0,0.0,0.0012128569762969348
2314,0,0.0,0.0013910852879493256
2323,0,0.0,0.0012771199834447822
2331,0,0.0,0.008471513336515328
2333,1,1.0,0.9830645161290322
2335,0,0.0,0.00610048983254698
2347,0,0.0,0.001515690141430485
2355,0,0.0,0.0013785414348339146
2366,0,0.0,0.0012968568004832221
2369,0,0.0,0.0013279924205749454
2379,0,0.0,0.0022835352245845287
2380,0,0.0,0.0013530137232718531
2382,0,0.0,0.0013085321387882136
2389,0,0.0,0.001199120712560671
2398,0,0.0,0.001266865029431777
2407,0,0.0,0.0014057102052845208
2409,0,0.0,0.0028300883664944404
2413,0,0.0,0.0014690954248520725
2414,0,0.0,0.0016071742267795618
2416,0,0.0,0.0014928065525438457
2418,0,0.0,0.0013150449361643735
2422,0,0.0,0.005227210494589253
2424,0,0.0,0.007925015019330727
2432,0,0.0,0.0016205316073512662
2434,0,0.0,0.0014401538482808536
2436,0,0.0,0.0012903581502142505
2437,0,0.0,0.0012363721377829126
2443,0,0.0,0.001273668364698572
2444,0,0.0,0.0013150449361643735
2460,0,0.0,0.0032942710685261874
2470,0,0.0,0.001266865029431777
2473,0,0.0,0.001542966431559887
2476,0,0.0,0.0012984660970559445
2477,0,0.0,0.0012444800846246062
2485,0,0.0,0.0012266152807367025
2490,0,0.0,0.0012266152807367025
2492,0,0.0,0.0020811814095117558
2493,0,0.0,0.03570999845005794
2505,0,0.0,0.0014135125330793513
2507,0,0.0,0.0014928065525438457
2512,0,0.0,0.0014928065525438457
2518,0,0.0,0.0015070203775716638
2519,0,0.0,0.0016205316073512662
2533,0,0.0,0.0015070203775716638
2544,0,0.0,0.0012948176420228242
2547,0,0.0,0.0013085321387882136
2552,0,0.0,0.0013682361823817923
2553,0,0.0,0.0012912299121235664
2556,0,0.0,0.0013143284919107654
2559,0,0.0,0.0013651084430984718
2561,0,0.0,0.008808896160149276
2563,0,0.0,0.0012913082340838778
2567,0,0.0,0.0012886029298098114
2568,0,0.0,0.0012364363126360352
2570,0,0.0,0.001205470558031585
2573,0,0.0,0.0013086961508023698
2577,0,0.0,0.0013395801863241364
2585,0,0.0,0.0021286874522929884
2588,0,0.0,0.01931127035957932
2593,0,0.0,0.0013819114654551837
2599,1,1.0,0.9260151890208645
2602,0,0.0,0.0014378423683177551
2605,0,0.0,0.0018741243620116715
2608,0,0.0,0.0015258429485321132
2613,0,0.0,0.005227210494589253
2624,0,0.0,0.017041769874309998
2629,0,0.0,0.0015109853052720002
2630,0,0.0,0.0013797516130588997
2633,0,0.0,0.001532827691228723
2634,0,0.0,0.0015416920607539946
2635,0,0.0,0.0013797516130588997
2638,0,0.0,0.003444061197009205
2641,0,0.0,0.0012518218029140445
2644,0,0.0,0.0014240509602183775
2648,0,0.0,0.0015178193639951633
2650,0,0.0,0.001258099605716767
2653,0,0.0,0.0012847082648762941
2655,0,0.0,0.0013395801863241364
2657,0,0.0,0.0024276461215947216
2658,0,0.0,0.0013828307644030116
2665,0,0.0,0.0020214704177020865
2666,0,0.0,0.0059119330050618445
2689,0,0.0,0.0022939456439693344
2691,0,0.0,0.0013313924889872173
2695,0,0.0,0.0013524047046850132
2697,0,0.0,0.0014847320073500378
2707,0,0.0,0.0012963913529507782
2709,0,0.0,0.005227210494589253
2717,0,0.0,0.001412082453845715
2720,0,0.0,0.0013435493964316693
2721,0,0.0,0.0013682361823817923
2727,0,0.0,0.0014060298649981565
2729,0,0.0,0.0012709720011400303
2732,0,0.0,0.0012465841750396599
2741,0,0.0,0.0012913082340838778
2742,0,0.0,0.0016582214372728374
2745,0,0.0,0.0013033779696969066
2747,0,0.0,0.0015200401970543195
2748,0,0.0,0.0013280647556470294
2751,0,0.0,0.0013056798108398587
2759,0,0.0,0.009664949182996853
2760,0,0.0,0.0055257170525046355
2762,1,1.0,0.975
2765,0,0.0,0.0016200542868060194
2774,0,0.0,0.0013313924889872173
2779,0,0.0,0.0033616328913045972
2782,0,0.0,0.005283223846323488
2783,0,0.0,0.0015855036900447722
2787,0,0.0,0.001560818151835123
2795,0,0.0,0.0014282623628883231
2798,0,0.0,0.0014324390742580413
2800,0,0.0,0.0016641545281881563
2805,0,0.0,0.0014373039828290694
2812,0,0.0,0.0013133642609339496
2825,0,0.0,0.001331698625794198
2827,0,0.0,0.0013000975581700307
2829,0,0.0,0.0014783258698224213
2830,0,0.0,0.0013678418750411366
2835,0,0.0,0.002420781347820831
2844,0,0.0,0.0013451037351467938
2848,0,0.0,0.0021413201053812974
2850,0,0.0,0.005163582268204101
2851,0,0.0,0.005218454189651943
2854,0,0.0,0.005062346945722489
2856,0,0.0,0.005020850682419079
2865,1,1.0,0.8334933254310676
2868,0,0.0,0.0016302384189717674
2872,0,0.0,0.0015829437828402695
2887,0,0.0,0.001374276350456985
2895,0,0.0,0.001397101688863222
2897,0,0.0,0.0013478056390201125
2900,0,0.0,0.0015981235603946722
2903,0,0.0,0.001366412196531876
2924,0,0.0,0.001450698298902867
2926,0,0.0,0.0017069880517835668
2929,0,0.0,0.0017020673364400072
2932,0,0.0,0.002513468735423402
2935,0,0.0,0.0012692759622485283
2945,0,0.0,0.001451973610311065
2947,0,0.0,0.0017913572299903795
2949,0,0.0,0.001397101688863222
2954,0,0.0,0.001451973610311065
2956,0,0.0,0.0016939386777902496
2957,0,0.0,0.0016939386777902496
2961,0,0.0,0.0015504412072260424
2962,0,0.0,0.0014750538067385905
2967,0,0.0,0.0014750538067385905
2972,0,0.0,0.0014608396924304908
2975,0,0.0,0.001370885835447638
2977,0,0.0,0.0015491141471000282
2978,0,0.0,0.0015565397488878985
2979,0,0.0,0.001367763553080825
2985,0,0.0,0.0014604308317348119
2993,0,0.0,0.001508511005320141
2995,0,0.0,0.0016181894919160618
2997,0,0.0,0.00146012342251009
3008,0,0.0,0.0023701997666575577
3014,0,0.0,0.001682452874616476
3015,0,0.0,0.0014034106096741687
3016,0,0.0,0.0021634247632814417
3018,0,0.0,0.007173175091241386
3019,0,0.0,0.005554163262229358
3021,0,0.0,0.005580773030231654
3024,0,0.0,0.004017722420391527
3027,0,0.0,0.016586455939193064
3040,0,0.0,0.0016060239792677954
3044,0,0.0,0.0014282623628883231
3053,0,0.0,0.001521335555104673
3057,0,0.0,0.0013715398570380696
3060,0,0.0,0.0013448359744147186
3064,0,0.0,0.0015416650048779568
3089,0,0.0,0.0014319773643628824
3093,0,0.0,0.006156780372798974
3094,0,0.0,0.0014743703696998727
3095,0,0.0,0.0025162064018755532
3099,0,0.0,0.0013880454935833442
3100,0,0.0,0.0012373001809490361
3101,0,0.0,0.0013015631880968835
3105,0,0.0,0.002218368434175089
3111,0,0.0,0.0013207629673266145
3113,0,0.0,0.0015092608445700089
3118,0,0.0,0.0016171047576689402
3120,0,0.0,0.0013528701522174575
3122,0,0.0,0.005283223846323488
3123,0,0.0,0.0014847320073500378
3125,0,0.0,0.0014077420736653002
3138,0,0.0,0.0015687251473531778
3143,0,0.0,0.001567503841369336
3144,0,0.0,0.0016573542594323562
3149,0,0.0,0.0015593904850450522
3154,0,0.0,0.0016391386563776934
3159,0,0.0,0.0013431550890910134
3166,0,0.0,0.0013678418750411366
3172,0,0.0,0.00161993675762482
3174,0,0.0,0.0013601004755471593
3175,0,0.0,0.0013601004755471593
3182,0,0.0,0.001336098876600878
3206,0,0.0,0.0015509680015407775
3208,0,0.0,0.0015509680015407775
3209,0,0.0,0.001616007014137817
3215,0,0.0,0.001509066533832721
3220,0,0.0,0.0013729249939080361
3228,0,0.0,0.001370885835447638
3232,0,0.0,0.001641909893257957
3233,0,0.0,0.0014454608129349047
3245,0,0.0,0.001488924598597056
3247,0,0.0,0.0014231541900880456
3254,0,0.0,0.0014947422382154466
3266,0,0.0,0.009353932697355686
3270,0,0.0,0.0020580997925776874
3271,0,0.0,0.0054829096309504145
3275,0,0.0,0.0015307355764268686
3277,0,0.0,0.0017175275978716293
3282,0,0.0,0.0017954636527215955
3285,0,0.0,0.0015323018324667366
3287,0,0.0,0.0015464628034022082
3291,0,0.0,0.001954765883606483
3294,0,0.0,0.004929973430467621
3310,0,0.0,0.001959152788072007
3318,0,0.0,0.0014846455513456253
3323,0,0.0,0.005826904663653327
3324,0,0.0,0.0015093323372957484
3327,0,0.0,0.0054568937556782006
3332,0,0.0,0.0016149704074105275
3336,0,0.0,0.0016261267787716957
3337,0,0.0,0.0015481038781197175
3339,0,0.0,0.0015311540979255271
3349,0,0.0,0.0014318745114894815
3350,0,0.0,0.001502160406385527
3351,1,1.0,0.9732532931478415
3354,0,0.0,0.001618385379277719
3361,0,0.0,0.007213403973986989
3366,0,0.0,0.0018590646072510879
3367,0,0.0,0.0017298151051058834
3368,0,0.0,0.0014891079173202895
3375,0,0.0,0.002068797002568916
3386,0,0.0,0.0016824137187295527
3407,0,0.0,0.0015715510736502157
3409,0,0.0,0.01402065079541009
3413,0,0.0,0.005854657789728423
3415,0,0.0,0.0014860423155550217
3416,0,0.0,0.0014860423155550217
3419,0,0.0,0.00150207867212236
3420,0,0.0,0.001455424646824722
3422,0,0.0,0.0015688654131286637
3423,0,0.0,0.0014860423155550217
3428,0,0.0,0.0015832930485287608
3429,0,0.0,0.0018285520500235773
3435,0,0.0,0.0015195090328631285
3436,0,0.0,0.0018483402109507451
3437,0,0.0,0.0016430653568563704
3439,0,0.0,0.0015064206739619538
3443,0,0.0,0.0021155023209841824
3447,0,0.0,0.008400605904848667
3451,0,0.0,0.0058871685883477775
3458,1,1.0,0.8853936861649879
3459,0,0.0,0.0058360495852349085
3461,0,0.0,0.0017175275978716293
3462,0,0.0,0.01961063955350125
3469,0,0.0,0.015520871855506402
3476,0,0.0,0.001753814998645092
3497,0,0.0,0.059047973043605505
3503,0,0.0,0.01731010450050867
3505,0,0.0,0.001453131197273549
3507,0,0.0,0.0017857449245924852
3512,0,0.0,0.005141341877254226
3515,0,0.0,0.002084909443778709
3528,0,0.0,0.005453785872995262
3538,0,0.0,0.005691391320814913
3540,0,0.0,0.0019231031756656327
3543,0,0.0,0.0016927979979329982
3544,0,0.0,0.001749085851507289
3552,0,0.0,0.001785230323721177
3559,0,0.0,0.0016499642676900638
3560,0,0.0,0.0018796627128398514
3562,0,0.0,0.001674651053640187
3567,0,0.0,0.034554514557059476
3568,0,0.0,0.0016416743779155494
3570,0,0.0,0.0015591086449601996
3571,0,0.0,0.0018706456605294952
3575,0,0.0,0.0019473863980201344
3580,1,1.0,0.8558175899256979
3583,0,0.0,0.0018362934495175537
3585,0,0.0,0.03456711607985403
3593,0,0.0,0.01732623191424645
3600,0,0.0,0.0019568109470971275
3604,0,0.0,0.0016547155940396894
3612,1,1.0,0.8287454276614963
3615,0,0.0,0.0018149436229021145
3618,0,0.0,0.0018306708498774542
3619,0,0.0,0.00202157077258061
3636,0,0.0,0.0018405374427102827
3638,0,0.0,0.0018405374427102827
3641,0,0.0,0.0018696357180783927
3642,0,0.0,0.0019272403120627365
3645,0,0.0,0.0019231031756656327
3646,0,0.0,0.0021664223053951687
3654,0,0.0,0.001890126499940995
3655,0,0.0,0.001890126499940995
3660,0,0.0,0.002015974214135754
3665,0,0.0,0.002001589889173942
3669,0,0.0,0.0018061281254946743
3671,0,0.0,0.001781441339544551
3675,0,0.0,0.010968816676004564
3676,0,0.0,0.0019154317554015104
3679,0,0.0,0.0017942495896035933
3684,0,0.0,0.0016992769087574243
3692,0,0.0,0.002170390502637077
3695,0,0.0,0.005348434688226442
3697,0,0.0,0.0019924602479607307
3703,0,0.0,0.0022332888346859787
3704,0,0.0,0.0023497979215071014
3707,0,0.0,0.0019231031756656327
3722,0,0.0,0.0018405374427102827
3740,0,0.0,0.002015974214135754
3757,0,0.0,0.0018881491228700017
3758,0,0.0,0.001707018308251401
3763,0,0.0,0.0017854350425298559
3773,0,0.0,0.0019321916386634361
3780,0,0.0,0.001980150784818185
3782,0,0.0,0.0018496534104159214
3783,0,0.0,0.001707207423069199
3784,0,0.0,0.0019899883938511217
3800,0,0.0,0.0018099171096713
3801,0,0.0,0.0019357648238660595
3810,0,0.0,0.03586934948633985
3818,0,0.0,0.0019195986741389795
3820,0,0.0,0.0018132706487086329
3821,0,0.0,0.002028394796796653
3827,0,0.0,0.0018887692054369812
3835,0,0.0,0.016677481947799187
3844,0,0.0,0.025744131302470902
3848,0,0.0,0.0020309614629742457
3854,0,0.0,0.0018337240417484585
3860,0,0.0,0.006647629857754865
3864,0,0.0,0.00586728808039126
3872,0,0.0,0.002422329450693438
3882,0,0.0,0.0020092613094380646
3891,0,0.0,0.007195209762750553
3892,0,0.0,0.0023208229518571033
3897,0,0.0,0.0018405374427102827
3903,0,0.0,0.001890126499940995
3904,0,0.0,0.001782101976205491
3909,0,0.0,0.0019762846337134264
3913,0,0.0,0.0019902344892877
3916,0,0.0,0.0018634623369198785
3918,0,0.0,0.0018061281254946743
3919,0,0.0,0.00990311780864019
3922,0,0.0,0.0018881491228700017
3934,0,0.0,0.0017983867260006972
3940,0,0.0,0.003354757772149106
3941,0,0.0,0.0035265428265699693
3944,1,1.0,0.9887499999999999
3949,0,0.0,0.0020736364280700414
3950,0,0.0,0.006022440480509361
3951,0,0.0,0.0020092613094380646
3956,0,0.0,0.002174277713830383
3957,0,0.0,0.002159794561842473
3960,0,0.0,0.0020736364280700414
3962,0,0.0,0.0020736364280700414
3972,0,0.0,0.001783477584305961
3978,0,0.0,0.0018075607669856449
3982,0,0.0,0.002015974214135754
3984,0,0.0,0.0022878462761324655
3987,0,0.0,0.002015974214135754
3991,0,0.0,0.0017081629105813062
4002,0,0.0,0.0016623653977378978
4021,0,0.0,0.014368061137741736
4022,0,0.0,0.0015845342937066448
4023,0,0.0,0.001699457113077107
4035,1,1.0,0.9289841320417832
4036,0,0.0,0.0017343847520236103
4051,0,0.0,0.0017379294801461215
4053,0,0.0,0.001882427461423731
4057,0,0.0,0.0018099171096713
4059,0,0.0,0.0019062879622337363
4070,0,0.0,0.00207806938460917
4071,0,0.0,0.036885252373261845
4074,0,0.0,0.0019016567302492838
4075,0,0.0,0.0018448717163328005
4087,0,0.0,0.0017164554916538337
4089,0,0.0,0.0016775722604844702
4091,0,0.0,0.007079694716388278
4092,0,0.0,0.0015514310452467144
4095,0,0.0,0.0016212844069101796
4097,1,1.0,0.9333699356718546
4098,0,0.0,0.001646403726092883
4101,0,0.0,0.0016217169401427603
4102,0,0.0,0.0016139755406487833
4103,0,0.0,0.0017371299235138839
4104,0,0.0,0.0016702633942230736
4105,0,0.0,0.0019214564153717014
4106,0,0.0,0.0016382297933663255
4115,0,0.0,0.032924905474332
4121,1,1.0,0.8841742459150226
4123,0,0.0,0.0017695739224326535
4125,0,0.0,0.016312304605765507
4134,0,0.0,0.0016503968009226443
4151,0,0.0,0.0017675159126609458
4164,0,0.0,0.0017094199177536047
4171,1,1.0,0.957340819205991
4177,0,0.0,0.001716320590791471
4178,0,0.0,0.0018065641244998365
4184,0,0.0,0.0020945198936430155
4192,0,0.0,0.06508741213390494
4206,0,0.0,0.005798286485058639
4207,0,0.0,0.004560201822041991
4213,0,0.0,0.010776152706412067
4223,0,0.0,0.0019176166318327747
4224,0,0.0,0.0018462473244332703
4232,0,0.0,0.04523552555369402
4236,0,0.0,0.0019752133387488592
4239,0,0.0,0.0019266955764827142
4243,0,0.0,0.002179066068551701
4244,0,0.0,0.0019967587406984778
4251,0,0.0,0.0019762846337134264
4252,1,1.0,0.9704096618928186
4254,1,1.0,0.958057423648192
4255,1,1.0,1.0
4260,0,0.0,0.0018881491228700017
4266,0,0.0,0.002033172053385908
4269,0,0.0,0.0018634623369198785
4271,1,1.0,0.9437866023385212
4276,0,0.0,0.0016294152462925896
4281,0,0.0,0.0016139755406487833
4284,1,1.0,0.8917963490987356
4286,1,1.0,0.8871858565024509
4287,0,0.0,0.0018111466649095738
4288,0,0.0,0.0015235197691107344
4294,0,0.0,0.00721280683554585
4299,0,0.0,0.001993138842511933
4308,1,1.0,0.9135830489649529
4314,0,0.0,0.0016133293326930187
4315,0,0.0,0.0014652484269958078
4320,0,0.0,0.0018426336134183233
4323,0,0.0,0.0017757670841275133
4324,1,1.0,0.9317193141622824
4326,0,0.0,0.002224574097025653
4329,1,1.0,0.9317193141622824
4331,0,0.0,0.0015924363947759197
4338,0,0.0,0.0019313996322513776
4340,0,0.0,0.0017504733928968893
4344,0,0.0,0.001683606863606079
4345,0,0.0,0.001855392888188471
4347,0,0.0,0.0015000198959113646
4356,1,1.0,0.9270125130483216
4357,0,0.0,0.0016676905315164707
4364,0,0.0,0.0014743499492891113
4370,0,0.0,0.0014852571493544817
4379,0,0.0,0.01738014253435632
4382,0,0.0,0.007852099766370434
4393,0,0.0,0.0018659835095759237
4398,0,0.0,0.0018536740464333776
4401,1,1.0,0.9456349732658396
4403,0,0.0,0.001714048455073706
4417,0,0.0,0.0017711083134780274
4419,0,0.0,0.0018536740464333776
4421,0,0.0,0.0016563849933989455
4428,1,1.0,0.9009451159631728
4432,0,0.0,0.001992882490813557
4440,0,0.0,0.002995358079562367
4441,0,0.0,0.0017641629274894825
4445,0,0.0,0.007173129698049249
4446,0,0.0,0.0017078750739151917
4447,0,0.0,0.0017325618598653149
4449,1,1.0,0.9458699356718545
4457,0,0.0,0.0017916869896621485
4468,0,0.0,0.007065653882926158
4472,0,0.0,0.0017994442026307948
4475,0,0.0,0.0018532415132007974
4477,0,0.0,0.0021114838590017134
4479,0,0.0,0.001885275114057545
4482,0,0.0,0.002004207298837786
4484,0,0.0,0.0018536740464333776
4490,0,0.0,0.0018536740464333776
4493,0,0.0,0.0031457577001792495
4494,0,0.0,0.0018532415132007974
4495,0,0.0,0.0016893616691235828
4497,0,0.0,0.0017711083134780274
4498,0,0.0,0.0018536740464333776
4502,1,1.0,0.9568554450253487
4521,0,0.0,0.001989047872744948
4531,0,0.0,0.0017325618598653149
4532,0,0.0,0.0017321293266327343
4534,1,1.0,0.9096449082069402
4535,0,0.0,0.0017001336744212152
4544,0,0.0,0.0016294152462925896
4548,0,0.0,0.0029081889268914377
4551,0,0.0,0.0016841129120297848
4554,0,0.0,0.0019225985854958954
4557,1,1.0,0.957105856799976
4559,1,1.0,0.9487599732658396
4574,0,0.0,0.002112954847807929
4583,0,0.0,0.0020092613094380646
4594,0,0.0,0.002219603763442963
4596,0,0.0,0.0019253199683822437
4600,0,0.0,0.0033584316822155443
4613,0,0.0,0.008640208914983008
4619,1,1.0,0.9704683715981777
4625,0,0.0,0.0019686842727399518
4630,0,0.0,0.0018090372557983355
4631,0,0.0,0.0018090372557983355
4634,0,0.0,0.00917264253633058
4637,0,0.0,0.006679230925379032
4638,0,0.0,0.005249514366781002
4641,0,0.0,0.007303955857897118
4645,0,0.0,0.007178846945780637
4652,1,1.0,0.9465865401140556
4653,0,0.0,0.002166173923783925
4661,0,0.0,0.002252580439167601
4668,0,0.0,0.0018449489321282699
4675,0,0.0,0.002379618142334281
4683,0,0.0,0.0019866888039008234
4692,0,0.0,0.002036455807589297
4696,0,0.0,0.0018061281254946743
4699,0,0.0,0.001866299299370544
4707,0,0.0,0.003772107728916024
4714,0,0.0,0.0021363383140078104
4718,0,0.0,0.002242780799436044
4724,1,1.0,0.9465865401140556
4726,0,0.0,0.005702240265798653
4730,1,1.0,1.0
4739,0,0.0,0.04864627063206168
4741,0,0.0,0.0020092613094380646
4744,0,0.0,0.0022843841413969818
4745,0,0.0,0.002406981085629535
4752,0,0.0,0.0020092613094380646
4758,0,0.0,0.0019874114859386068
4777,0,0.0,0.0019424415577407456
4779,1,1.0,0.9579683715981776
4784,0,0.0,0.0019247903456908514
4797,0,0.0,0.0023785479224872567
4799,0,0.0,0.002092091067847733
4800,0,0.0,0.00208988377713288
4810,0,0.0,0.0017998809657757773
4816,0,0.0,0.006475426012327001
4819,0,0.0,0.023032590776586995
4824,0,0.0,0.002019665479625461
4836,0,0.0,0.0025283812228422574
4842,0,0.0,0.0022090653296704746
4852,1,1.0,0.9341173282913955
4858,0,0.0,0.0019424415577407456
4859,0,0.0,0.011349371197562408
4863,0,0.0,0.014811187624815
4866,0,0.0,0.001961025000338495
4869,0,0.0,0.002311550529447079
4877,0,0.0,0.0018781337536541453
4878,0,0.0,0.0018781337536541453
4888,0,0.0,0.0018781657150275116
4890,0,0.0,0.0018465646474033436
4895,0,0.0,0.002082761157923944
4896,0,0.0,0.0018818876479930573
4919,0,0.0,0.0019468481272136805
4923,0,0.0,0.0019440853205454594
4939,0,0.0,0.0022089571075525
4941,0,0.0,0.0019424415577407456
4943,0,0.0,0.0019424415577407456
4944,0,0.0,0.0021649354837136045
4946,0,0.0,0.002185760687470282
4947,0,0.0,0.0019786762123883894
4951,0,0.0,0.007974102210253927
4953,0,0.0,0.019560994581020882
4964,0,0.0,0.0018437453094672213
4967,0,0.0,0.0018437453094672213
4968,0,0.0,0.002369750879810642
4969,0,0.0,0.0018703923541601689
4974,0,0.0,0.0018781657150275116
4978,0,0.0,0.0018667474950665875
4979,0,0.0,0.002421628297905227
4980,0,0.0,0.0018818876479930573
4983,0,0.0,0.005302839378844738
4985,1,1.0,0.9671554252199414
4994,0,0.0,0.0019506601889003963
5007,0,0.0,0.010274184332382768
5023,0,0.0,0.002305427302666382
5030,0,0.0,0.0019567375057595246
5041,0,0.0,0.0018115421365117782
5044,0,0.0,0.0018639684078926237
5063,0,0.0,0.025820182407891183
5068,0,0.0,0.0024186117680764442
5073,0,0.0,0.0022636651858568653
5079,0,0.0,0.002155245599276354
5083,0,0.0,0.0018650867555122738
5087,0,0.0,0.0020203460561273286
5094,0,0.0,0.002244976560237795
5098,0,0.0,0.00207272393086723
5099,0,0.0,0.0019521039187360486
5110,0,0.0,0.002336260876739949
5111,0,0.0,0.002169367188873742
5114,0,0.0,0.0025417367302559067
5130,0,0.0,0.0020787345426954147
5131,0,0.0,0.0018246259407744794
5145,0,0.0,0.001937752299861179
5146,0,0.0,0.0019534795268365186
5155,0,0.0,0.0019534795268365186
5157,0,0.0,0.0019534795268365186
5161,0,0.0,0.0022239108242049247
5162,0,0.0,0.02157441469622076
5169,0,0.0,0.0018622674175761515
5177,0,0.0,0.002187018400923636
5189,0,0.0,0.001900032301125865
5195,0,0.0,0.001856195047025281
5196,0,0.0,0.0018323673402684559
5201,0,0.0,0.0023036434235601732
5216,0,0.0,0.001792123590947521
5225,0,0.0,0.001937752299861179
5226,0,0.0,0.0025243078795859253
5228,0,0.0,0.0021967986565660557
5238,0,0.0,0.0019534795268365186
5242,0,0.0,0.0019506601889003963
5250,0,0.0,0.0021053958441266908
5262,0,0.0,0.0019424415577407456
5272,0,0.0,0.0019205028511118812
5275,0,0.0,0.001900032301125865
5278,0,0.0,0.0018323673402684559
5283,0,0.0,0.002448543570879262
5285,0,0.0,0.0020864759421893916
5291,0,0.0,0.0018246259407744794
5298,0,0.0,0.002340412260885927
5300,0,0.0,0.01135955952607677
5305,0,0.0,0.0022851964370902665
5306,0,0.0,0.0018124766929145675
5307,0,0.0,0.0050571305608768345
5312,0,0.0,0.002001580608292283
5321,0,0.0,0.018529887752241344
5323,0,0.0,0.011561353165326945
5327,0,0.0,0.002440550474705309
5330,0,0.0,0.002051947123751496
5347,0,0.0,0.0019424415577407456
5352,0,0.0,0.0019567375057595246
5353,0,0.0,0.0019786762123883894
5354,0,0.0,0.0019424415577407456
5356,0,0.0,0.012709893368401518
5359,0,0.0,0.00177049033132865
5362,0,0.0,0.0017913155350853282
5367,0,0.0,0.0020166287989943086
5370,0,0.0,0.0017655682697707959
5376,0,0.0,0.0017863934735274738
5377,0,0.0,0.02534185155001739
5382,0,0.0,0.0018266545110093217
5384,0,0.0,0.005247329786511347
5391,0,0.0,0.022451530999616755
5403,0,0.0,0.00225486403155167
5413,0,0.0,0.01572056714519823
5421,0,0.0,0.0019152470595895134
5427,0,0.0,0.0019152470595895134
5431,0,0.0,0.0019124277216533907
5433,0,0.0,0.0022254327186098594
5434,0,0.0,0.001982113588880323
5436,0,0.0,0.0019514817142371565
5440,0,0.0,0.0018794510459287535
5442,0,0.0,0.0021017542687226153
5443,0,0.0,0.011377122126367527
5452,0,0.0,0.011385225916413985
5462,0,0.0,0.010448853263017062
5464,0,0.0,0.0017941348730214502
5465,0,0.0,0.001817962579778275
5485,0,0.0,0.0020519973692812972
5487,0,0.0,0.005247329786511347
5494,0,0.0,0.007014551332520586
5501,0,0.0,0.0019152470595895134
5517,0,0.0,0.0019152470595895134
5519,0,0.0,0.02763468085481255
5521,0,0.0,0.0020183482435279666
5532,0,0.0,0.001893718900758077
5536,0,0.0,0.0019258647039622667
5539,0,0.0,0.0021386025775591475
5540,0,0.0,0.001819007830303861
5547,0,0.0,0.0018377291931188414
5557,0,0.0,0.030633208294161877
5563,0,0.0,0.0018414671014186674
5568,0,0.0,0.00340582784083769
5571,0,0.0,0.0022515533252859972
5572,0,0.0,0.0019152470595895134
5573,0,0.0,0.0019152470595895134
5590,0,0.0,0.018735557419738712
5592,0,0.0,0.0019152470595895134
5597,0,0.0,0.0019514817142371565
5598,0,0.0,0.0019152470595895134
5611,0,0.0,0.0021255895135944116
5616,1,1.0,0.8682874009895359
5620,0,0.0,0.0017913155350853282
5622,0,0.0,0.017327787278441246
5625,0,0.0,0.0018495636474024422
5628,0,0.0,0.0017941348730214502
5630,0,0.0,0.0022035212038728096
5632,0,0.0,0.0017941348730214502
5646,0,0.0,0.0019622333122357605
5650,0,0.0,0.007552233561787076
5652,0,0.0,0.013009756502355637
5664,0,0.0,0.002159794561842473
5666,0,0.0,0.0019845745234879407
5670,0,0.0,0.0021052374956942086
5676,0,0.0,0.0019582966441068815
5677,0,0.0,0.0019594943057495906
5681,0,0.0,0.005822141681291698
5685,0,0.0,0.001783477584305961
5687,0,0.0,0.0018081055025656674
5690,0,0.0,0.0019265176300249532
5694,0,0.0,0.0019575739620690978
5701,0,0.0,0.001908866417975059
5705,0,0.0,0.015472261860773615
5714,0,0.0,0.001752223985409096
5721,0,0.0,0.00225282237517588
5723,0,0.0,0.0017790951215190761
5726,0,0.0,0.0018176890362167103
5740,0,0.0,0.002044525903450163
5741,0,0.0,0.0021306840372225942
5743,0,0.0,0.002324960088254207
5750,0,0.0,0.017748959614241132
5752,0,0.0,0.0019334907793894143
5756,0,0.0,0.002206329797671008
5765,0,0.0,0.0018306708498774542
5767,0,0.0,0.0019313543471322005
5768,0,0.0,0.0019982208764230103
5770,0,0.0,0.0028793977298420185
5772,0,0.0,0.0017976941741528168
5774,0,0.0,0.002026665456766763
5783,0,0.0,0.0018248216028612224
5795,0,0.0,0.001707018308251401
5801,0,0.0,0.0016447881459172291
5826,0,0.0,0.014038541224144632
5828,0,0.0,0.0016561377039338364
5830,0,0.0,0.0018066709563382452
5847,0,0.0,0.001671864930909176
5853,0,0.0,0.0014527777025583194
5860,0,0.0,0.001671864930909176
5863,0,0.0,0.001759269569961915
5868,0,0.0,0.001736692301739588
5869,0,0.0,0.0016406653475828925
5871,0,0.0,0.015241162230855369
5876,0,0.0,0.0015827864005776657
5877,0,0.0,0.0019103745889663113
5882,0,0.0,0.001586757657111866
5890,0,0.0,0.0019412548095889097
5897,0,0.0,0.006775282123606202
5904,0,0.0,0.0014229964613806222
5906,0,0.0,0.001331402479616004
5915,0,0.0,0.0015464628034022082
5916,0,0.0,0.0017200762522341436
5929,0,0.0,0.0016995559630111207
5930,0,0.0,0.0016212191528944448
5932,0,0.0,0.005704579227739732
5933,0,0.0,0.001538925331099434
5941,0,0.0,0.001677740316686559
5948,0,0.0,0.0015503222411906664
5955,0,0.0,0.0014685963744553161
5959,0,0.0,0.0014972233633142305
5963,0,0.0,0.0014891131856866122
5977,0,0.0,0.0018274681879426127
5978,0,0.0,0.0015252406028130527
5982,0,0.0,0.004791004928455741
5986,0,0.0,0.00930156036837417
5998,0,0.0,0.004906860879817906
6005,0,0.0,0.0015146710783818915
6014,0,0.0,0.0014559691783127418
6020,0,0.0,0.0014806559642628646
6022,0,0.0,0.0014559691783127418
6027,0,0.0,0.0019478278601468113
6029,0,0.0,0.0016858170864114963
6041,0,0.0,0.0017575684891137846
6042,0,0.0,0.0017533880020333553
6043,0,0.0,0.0015239034934444223
6055,0,0.0,0.0013390211000092777
6058,0,0.0,0.0014202354764156786
6062,0,0.0,0.001505543280705465
6068,0,0.0,0.0016037030435680124
6070,0,0.0,0.0014905169775736797
6071,0,0.0,0.0014905169775736797
6074,0,0.0,0.0014908684519173029
6083,0,0.0,0.010800777025620776
6090,0,0.0,0.0015950090796768134
6092,0,0.0,0.0018728654269687139
6099,0,0.0,0.001953955779231333
6106,0,0.0,0.00148409675411706
6107,0,0.0,0.0020067107672800547
6110,0,0.0,0.00141723022482625
6118,0,0.0,0.0016798485530667426
6119,0,0.0,0.01941772813843136
6134,0,0.0,0.00176933338090826
6146,0,0.0,0.0016832702285943725
6157,0,0.0,0.0016037030435680124
6161,0,0.0,0.0014438332959461136
6163,0,0.0,0.001409012767198443
6176,0,0.0,0.0015317952665783354
6184,0,0.0,0.0014774644885084424
6194,0,0.0,0.0015586788649148428
6195,0,0.0,0.0014806559642628646
6199,0,0.0,0.0014761131319594935
6202,0,0.0,0.0015429796612503037
6206,0,0.0,0.0017208567938715737
6209,0,0.0,0.0016669443973859211
6217,0,0.0,0.0014494563809365813
6222,0,0.0,0.004815857635818259
6229,0,0.0,0.0017348080142249056
6235,0,0.0,0.0015076401154684178
6236,0,0.0,0.0014982583770676568
6237,0,0.0,0.001403285696221488
6250,0,0.0,0.0014748196063377862
6252,0,0.0,0.0013482618439065361
6267,0,0.0,0.005881269389884366
6271,0,0.0,0.005447262477964437
6273,0,0.0,0.0018877591056187925
6274,0,0.0,0.0014559691783127418
6279,0,0.0,0.0015950090796768134
6282,0,0.0,0.0014854948703602543
6288,0,0.0,0.001520684040769298
6294,0,0.0,0.0015321149562866183
6296,0,0.0,0.0014079048138549866
6299,0,0.0,0.0017362007031937407
6300,0,0.0,0.001979865051854517
6306,0,0.0,0.0014433432126629037
6312,0,0.0,0.0015845099124699995
6322,0,0.0,0.011621815128578654
6323,0,0.0,0.0013910696347088532
6326,0,0.0,0.0014481157805633252
6329,0,0.0,0.0014536141301109218
6337,0,0.0,0.0025608251547884595
6344,0,0.0,0.0014933329366823124
6349,0,0.0,0.001548204858130155
6355,0,0.0,0.0014077420736653002
6364,0,0.0,0.001330927041454773
6371,0,0.0,0.0024778080634837735
6372,0,0.0,0.0014077420736653002
6374,0,0.0,0.0012774064765558792
6375,0,0.0,0.0013842252519746618
6379,0,0.0,0.001451091781265472
6380,0,0.0,0.0014725694444957123
6383,0,0.0,0.0015732931283781622
6386,0,0.0,0.0016802715412314478
6390,0,0.0,0.0014491949409997347
6391,0,0.0,0.0015289279860713706
6410,0,0.0,0.001454589668638303
6421,0,0.0,0.0015529979203778382
6423,0,0.0,0.001769272931388083
6427,0,0.0,0.0014393431412894676
6432,0,0.0,0.008882150450799991
6433,0,0.0,0.001864517440522832
6434,0,0.0,0.0015687251473531778
6440,0,0.0,0.0015695429998297337
6442,0,0.0,0.0015464628034022082
6443,0,0.0,0.005983265349941178
6459,0,0.0,0.01318179456271329
6465,0,0.0,0.0017046663725243257
6466,0,0.0,0.0017383452977264863
6468,0,0.0,0.00139706277956204
6470,0,0.0,0.001366412196531876
6476,0,0.0,0.0013899465329412807
6477,0,0.0,0.00197447514063598
6478,0,0.0,0.001359761397443561
6480,0,0.0,0.0017261608978256797
6483,0,0.0,0.001586697170980426
6485,0,0.0,0.0014190098055020153
6486,0,0.0,0.0015550961033562584
6488,0,0.0,0.0014661403274558809
6492,0,0.0,0.0015876742899997409
6497,0,0.0,0.0014694025859869136
6507,0,0.0,0.0069683783902061225
6512,0,0.0,0.011704618568193322
6516,0,0.0,0.0015780638710263758
6517,0,0.0,0.0014968494946199752
6519,0,0.0,0.009759096365997604
6520,0,0.0,0.0017930638910212612
6531,0,0.0,0.0014346307582655078
6533,0,0.0,0.004747627623699109
6536,0,0.0,0.0014346307582655078
6549,0,0.0,0.0014494563809365813
6554,0,0.0,0.0017191656223200004
6556,0,0.0,0.001747109110612029
6558,0,0.0,0.0013604519659785532
6559,0,0.0,0.0014478566050312922
6561,0,0.0,0.0027779954255963786
6562,0,0.0,0.001534588591829627
6566,0,0.0,0.001455424646824722
6568,0,0.0,0.0013527105664845763
6570,0,0.0,0.0018081462513479852
6574,0,0.0,0.0015611240136346868
6576,0,0.0,0.0015069817348281258
6587,0,0.0,0.005762353757620028
6590,0,0.0,0.0018094570790692563
6593,0,0.0,0.0020368616605782393
6595,0,0.0,0.007108374577168163
6596,0,0.0,0.0018329469711339617
6604,0,0.0,0.0019016480180361855
6605,0,0.0,0.0016663783870763174
6614,0,0.0,0.001674651053640187
6615,0,0.0,0.0016499642676900638
6616,0,0.0,0.001674651053640187
6630,0,0.0,0.0018902011399885802
6640,0,0.0,0.002024253560597121
6649,0,0.0,0.0014860423155550217
6653,0,0.0,0.0014048279391486208
6654,0,0.0,0.0015917416823649864
6656,0,0.0,0.0014783009160610448
6661,0,0.0,0.001593337236822337
6667,0,0.0,0.002339986811300575
6671,0,0.0,0.019833133806381367
6678,0,0.0,0.005318442035754442
6680,0,0.0,0.001867053785985341
6683,0,0.0,0.0014806559642628646
6687,0,0.0,0.0018059840639273316
6701,0,0.0,0.0018892708084655135
6708,0,0.0,0.0015158451346719084
6712,0,0.0,0.0018887439748656166
6721,0,0.0,0.001704714446821374
6730,0,0.0,0.0014875282994547868
6734,0,0.0,0.0019313626083706573
6737,0,0.0,0.0017393128447660284
6747,0,0.0,0.0016365987644258828
6751,0,0.0,0.0016365987644258828
6757,0,0.0,0.0023700389263655135
6758,0,0.0,0.005360106709149908
6762,0,0.0,0.0017795012750967524
6765,0,0.0,0.0015586788649148428
6769,0,0.0,0.0016263099537544572
6771,0,0.0,0.0016311892166672747
6775,0,0.0,0.0014891079173202895
6776,0,0.0,0.0014911583487217854
6781,0,0.0,0.0014806559642628646
6786,0,0.0,0.001809580029860712
6790,0,0.0,0.0016416928488666687
6793,0,0.0,0.0014911583487217854
6797,0,0.0,0.00514050888358251
6801,0,0.0,0.004953581122425601
6806,0,0.0,0.0015059305493453038
6810,0,0.0,0.0015465233466377811
6817,0,0.0,0.0016219932308823664
6818,0,0.0,0.0015405282528880295
6819,0,0.0,0.001648029358133569
6820,0,0.0,0.005917449966265219
6823,0,0.0,0.0015688654131286637
6825,0,0.0,0.001502160406385527
6830,0,0.0,0.001496707240220018
6833,0,0.0,0.0018850021025803472
6848,0,0.0,0.0016471781449590526
6851,0,0.0,0.0018223981833135848
6873,0,0.0,0.001759269569961915
6876,0,0.0,0.0015304162908205822
6895,0,0.0,0.0018231583408754646
6898,0,0.0,0.01071544862818914
6901,0,0.0,0.0015294234456866608
6905,0,0.0,0.0015164717622158203
6907,0,0.0,0.0015087303627218437
6908,0,0.0,0.0016911076826207517
6910,0,0.0,0.002113649050207168
6911,0,0.0,0.0018385550316235726
6920,0,0.0,0.002354261949664337
6927,0,0.0,0.001975580291147435
6937,0,0.0,0.0017234668592561971
6939,0,0.0,0.001767253192119482
6941,0,0.0,0.0016860388157130808
6948,0,0.0,0.0015304162908205822
6952,0,0.0,0.0016129820237759322
6958,0,0.0,0.0027053468729055104
6962,0,0.0,0.014147447226128148
6974,0,0.0,0.0017104504737750163
6975,0,0.0,0.0027309185073229863
6977,0,0.0,0.005836624412146627
6979,0,0.0,0.0017891111730859947
6980,0,0.0,0.020172469625564467
6983,0,0.0,0.0017794299018267386
6987,0,0.0,0.0015278747499786224
6992,0,0.0,0.0015448201364347686
7000,0,0.0,0.0015072929556614058
7013,0,0.0,0.010027206385276254
7018,0,0.0,0.001753783026129057
7019,0,0.0,0.0021919358095638694
7028,0,0.0,0.001538925331099434
7038,0,0.0,0.0015368861726390358
7042,0,0.0,0.0016242908116917754
7047,0,0.0,0.001635180051490509
7072,0,0.0,0.0013664688709243442
7075,0,0.0,0.0014085141379131477
7088,1,1.0,0.9277556336642492
7089,0,0.0,0.001704349025258804
7095,0,0.0,0.001668010596744712
7097,0,0.0,0.0016775204703026205
7098,0,0.0,0.004969859757247404
7104,0,0.0,0.0014103765055479651
7108,0,0.0,0.0014346307582655078
7110,0,0.0,0.0015158451346719084
7112,0,0.0,0.0014954981380710265
7117,0,0.0,0.0015158451346719084
7121,0,0.0,0.0054468299447318555
7123,0,0.0,0.0014895517234939674
7126,0,0.0,0.006876820874278156
7135,0,0.0,0.0016541454066585858
7140,0,0.0,0.0015091225119825474
7146,0,0.0,0.0017470538357427792
7150,0,0.0,0.0014877843702829682
7165,0,0.0,0.0020922607674063575
7166,0,0.0,0.0024194682833054803
7167,0,0.0,0.002259041413246003
7170,0,0.0,0.0015847966353186558
7173,0,0.0,0.001877417387251911
7177,0,0.0,0.0015022312667564437
7182,0,0.0,0.005747049289734157
7183,0,0.0,0.005400471034114169
7187,0,0.0,0.0016894585835038438
7192,0,0.0,0.0015227515559794664
7206,0,0.0,0.0013842252519746618
7211,0,0.0,0.00140593393547168
7216,0,0.0,0.001627351758297554
7217,0,0.0,0.0016928535555687822
7219,0,0.0,0.0017648337299099282
7220,0,0.0,0.0013409908524011174
7223,0,0.0,0.008808896160149276
7227,0,0.0,0.0015065899883165501
7230,0,0.0,0.0014361215715550082
7232,0,0.0,0.0014663067070527277
7234,0,0.0,0.0015188007125939945
7237,0,0.0,0.0014174892100435467
7239,0,0.0,0.00143406937941528
7242,0,0.0,0.001385888142419379
7246,0,0.0,0.0014621891373161893
7250,0,0.0,0.008928196360578641
7258,0,0.0,0.001486504039781104
7259,0,0.0,0.001467879634531624
7263,0,0.0,0.0016894585835038438
7279,0,0.0,0.0013914587495222272
7282,0,0.0,0.0014560668175760802
7283,0,0.0,0.0014807536035262034
7291,0,0.0,0.0014654079428386454
7298,0,0.0,0.001465100800649984
7302,0,0.0,0.0014957184693802838
7304,0,0.0,0.005873408572682982
7311,0,0.0,0.0013897154469487167
7312,0,0.0,0.0013552925143925836
7315,0,0.0,0.006619386604961262
7332,0,0.0,0.001430588069692022
7334,0,0.0,0.005315191192514615
7335,0,0.0,0.005603698548574213
7336,0,0.0,0.011020661531245379
7349,0,0.0,0.0014779317385942372
7351,0,0.0,0.0015123546711503706
7353,0,0.0,0.0017890731947308603
7354,0,0.0,0.0014560668175760802
7356,0,0.0,0.0014807536035262034
7359,0,0.0,0.0016780782997808802
7361,0,0.0,0.0014807536035262034
7365,0,0.0,0.0016357764658126584
7370,0,0.0,0.001653392761571231
7374,0,0.0,0.0014807536035262034
7376,0,0.0,0.001488913747334434
7380,0,0.0,0.004800400570102613
7382,0,0.0,0.001474240806150043
7384,0,0.0,0.0016163279412857521
7387,0,0.0,0.001407848848314661
7392,0,0.0,0.0013897154469487167
7397,0,0.0,0.0013897154469487167
7399,0,0.0,0.0014206981549577209
7402,0,0.0,0.0015829721236504638
7403,0,0.0,0.0013937496785965111
7407,0,0.0,0.001387402533794672
7415,0,0.0,0.0015005885997890038
7417,0,0.0,0.0015398120018458418
7419,0,0.0,0.0015998199730922504
7428,0,0.0,0.001531545596924587
7433,0,0.0,0.0016245540585587397
7438,0,0.0,0.0015225860379498037
7443,0,0.0,0.0015472728238999267
7446,0,0.0,0.0014867294897548395
7450,0,0.0,0.00183323866785352
7463,0,0.0,0.0015225860379498037
7481,0,0.0,0.0014601487622870797
7484,0,0.0,0.00140162221595753
7486,0,0.0,0.0014468292911306762
7491,0,0.0,0.0017354625408670904
7492,0,0.0,0.003432271670554491
7494,0,0.0,0.0015585875051771024
7495,0,0.0,0.0017856674324714101
7498,0,0.0,0.001627851746422362
7501,0,0.0,0.001679267443211321
7503,0,0.0,0.001442613314426366
7504,0,0.0,0.002371793191757983
7507,0,0.0,0.005071558104168149
7512,0,0.0,0.0015237765456893766
7523,0,0.0,0.0026391655634883456
7527,0,0.0,0.0015687504871301674
7536,0,0.0,0.0015472728238999267
7538,0,0.0,0.018084381250942992
7540,0,0.0,0.0016245540585587397
7545,0,0.0,0.0018624853823189715
7547,0,0.0,0.0016196930351663754
7552,0,0.0,0.0015822669720774963
7553,0,0.0,0.0015827579789770303
7566,0,0.0,0.0016890824986602125
7571,0,0.0,0.0014492202807767243
7578,0,0.0,0.0015211088890120267
7585,0,0.0,0.0016085135280647662
7593,0,0.0,0.005515526435572062
7599,0,0.0,0.0016918657916320298
7606,0,0.0,0.008297340889008884
7610,0,0.0,0.0016918657916320298
7612,0,0.0,0.001636062220203458
7613,0,0.0,0.0017619099343982182
7618,0,0.0,0.0017029287494942686
7619,0,0.0,0.0019044460929960164
7620,0,0.0,0.0017990031524058286
7622,0,0.0,0.0016918657916320298
7623,0,0.0,0.0016409011263008473
7628,0,0.0,0.0017083123911716795
7631,0,0.0,0.0015520020643677314
7633,0,0.0,0.001527315278417608
7645,0,0.0,0.0018930694824883386
7648,0,0.0,0.0015288502885060038
7659,0,0.0,0.0015189063321801848
7660,0,0.0,0.001485879335486966
7667,0,0.0,0.0017024121606050591
7669,0,0.0,0.0015181333291738204
7676,0,0.0,0.012343300587768231
7677,0,0.0,0.012379623174228992
7686,0,0.0,0.02676587623281663
7687,0,0.0,0.005390359333194283
7689,0,0.0,0.00153831399585279
7692,0,0.0,0.0018330140699856674
7710,0,0.0,0.0017234668592561971
7715,0,0.0,0.0016918657916320298
7717,0,0.0,0.0020339357773445157
7727,0,0.0,0.0017864383822953872
7731,0,0.0,0.0017506301958048782
7748,0,0.0,0.002495385244415711
7765,0,0.0,0.0017708682456325277
7775,0,0.0,0.0015892707763531908
7779,0,0.0,0.0015072497789778623
7782,0,0.0,0.0015072497789778623
7785,0,0.0,0.02836906236031615
7808,0,0.0,0.0016885143636546764
7817,0,0.0,0.0014868523360527402
7820,0,0.0,0.0027069911187994765
7822,0,0.0,0.0014621655501026174
7837,0,0.0,0.0015127878252946814
7842,0,0.0,0.002385566706168204
7847,0,0.0,0.0053893723435321375
7855,0,0.0,0.0015395037726647163
7862,0,0.0,0.0015420479703549058
7871,0,0.0,0.0018794294152108264
7873,0,0.0,0.0015420479703549058
7880,0,0.0,0.0014876348610074574
7885,1,1.0,0.9517268188171399
7887,0,0.0,0.02421907283909599
7894,0,0.0,0.001798206249582457
7898,0,0.0,0.0017527858973940048
7900,0,0.0,0.002740008689480604
7904,0,0.0,0.0017522821812689972
7905,0,0.0,0.0017126558880011303
7906,0,0.0,0.0015697796318897585
7911,0,0.0,0.0017126558880011303
7917,0,0.0,0.0014508058865862167
7922,0,0.0,0.0017974577917939198
7932,0,0.0,0.0050692702932037615
7935,0,0.0,0.0056822972413060864
7937,0,0.0,0.019119484966247807
7940,0,0.0,0.014999407590980382
7942,0,0.0,0.0017477880492050017
7949,0,0.0,0.0016183656654533431
7958,0,0.0,0.008682084368277766
7964,0,0.0,0.0015778506810606237
7965,0,0.0,0.0018047190469586173
7966,0,0.0,0.0016652553201133632
7967,0,0.0,0.0015778506810606237
7968,0,0.0,0.001546517768140701
7975,0,0.0,0.0015778506810606237
7976,0,0.0,0.0016120461772478711
7979,0,0.0,0.0019177172792303153
7984,0,0.0,0.0015713378836844636
7987,0,0.0,0.0015713378836844636
7990,0,0.0,0.001716486658691331
7994,0,0.0,0.0015174301932134372
7995,0,0.0,0.0017442985591114308
8002,0,0.0,0.002618745273600288
8003,0,0.0,0.001771538795134374
8011,0,0.0,0.0450178124828642
8017,0,0.0,0.0015426523763163772
8031,0,0.0,0.0015821243148081375
8033,0,0.0,0.0018127026691161841
8046,0,0.0,0.015566281718728439
8051,0,0.0,0.0017427220864476602
8059,0,0.0,0.0015741163082686725
8063,0,0.0,0.0016729587841401267
8065,0,0.0,0.0015842560580545855
8075,0,0.0,0.0014887437291284788
8088,0,0.0,0.0015957346383357197
8090,0,0.0,0.0014836432133328577
8093,0,0.0,0.0014601487622870797
8095,0,0.0,0.0014492202807767243
8096,0,0.0,0.0015265450728865623
8098,0,0.0,0.001526492530689438
8099,0,0.0,0.001418567602413676
8100,0,0.0,0.0013938808164635531
8102,0,0.0,0.0014713418853235533
8105,0,0.0,0.0014713418853235533
8107,0,0.0,0.0017086088288552747
8116,0,0.0,0.0035660612295405356
8117,0,0.0,0.006509028657805431
8133,0,0.0,0.0017409830433837779
8139,0,0.0,0.005705131897655468
8145,0,0.0,0.0015114985347948447
8146,0,0.0,0.0013962733103401142
8149,0,0.0,0.0015472900036638995
8150,0,0.0,0.0016066178254103129
8153,0,0.0,0.0018165219776134518
8158,0,0.0,0.0014839702601603312
8161,0,0.0,0.001729975792891299
8170,0,0.0,0.0016470845462069497
8173,0,0.0,0.0014621655501026174
8174,0,0.0,0.001452429403496607
8175,0,0.0,0.002655438334457728
8177,0,0.0,0.0015005885997890038
8182,0,0.0,0.001475901813838881
8188,0,0.0,0.0015538729276438983
8189,0,0.0,0.0020296733893905173
8196,1,1.0,0.9921554252199414
8201,0,0.0,0.0016260879033095134
8202,0,0.0,0.0018240976743350416
8205,0,0.0,0.0014093999719554716
8213,0,0.0,0.004657336207074201
8222,0,0.0,0.0015214560684757943
8230,0,0.0,0.0013657451052522017
8240,0,0.0,0.005668677006163062
8257,0,0.0,0.004470984450128992
8263,0,0.0,0.001305324617405015
8266,0,0.0,0.001284637948585145
8268,0,0.0,0.0014229116120963066
8274,0,0.0,0.0014689134859372705
8276,0,0.0,0.002219468046986272
8277,0,0.0,0.0055001741192395315
8279,0,0.0,0.005868114034609429
8281,0,0.0,0.005615464020344999
8286,0,0.0,0.0018634090548995167
8292,0,0.0,0.0014064617176300519
8297,0,0.0,0.0016328309667798962
8302,0,0.0,0.0014259918832053927
8305,0,0.0,0.0015221158703886458
8307,0,0.0,0.0014259918832053927
8312,0,0.0,0.004911698308250473
8316,0,0.0,0.0016443816255974737
8319,0,0.0,0.0013112518083275952
8320,0,0.0,0.0016031691445191644
8324,0,0.0,0.0013383792370360004
8326,0,0.0,0.001305426812862884
8328,0,0.0,0.001464967743656693
8329,0,0.0,0.002382160225901675
8331,0,0.0,0.0013068564913721443
8333,0,0.0,0.0013068564913721443
8345,0,0.0,0.0013205927551084079
8346,0,0.0,0.0014266326070171294
8347,0,0.0,0.0013205927551084079
8348,0,0.0,0.0013205927551084079
8361,0,0.0,0.001367276979219331
8368,0,0.0,0.0016884858294128635
8375,0,0.0,0.005531278595184443
8381,0,0.0,0.0014068942508626322
8383,0,0.0,0.0014068942508626322
8386,0,0.0,0.0014733168311280524
8393,0,0.0,0.0013119396102390444
8395,0,0.0,0.0013099004517786463
8398,0,0.0,0.0013103658993110904
8404,0,0.0,0.0014592317787581487
8411,0,0.0,0.0013737230206629547
8414,0,0.0,0.0014127931116614003
8421,0,0.0,0.001401345684463288
8423,0,0.0,0.022632655218016523
8425,0,0.0,0.0018714656396817248
8431,0,0.0,0.006518469275042234
8433,0,0.0,0.0014150819481995515
8434,0,0.0,0.0014327466617998809
8435,0,0.0,0.0015862213584191315
8445,0,0.0,0.0018832927715912526
8451,0,0.0,0.0015286327016012851
8452,0,0.0,0.0016328309667798962
8453,0,0.0,0.0016590908685651517
8457,0,0.0,0.0015077397636841857
8464,0,0.0,0.0016498268988198942
8466,0,0.0,0.0015035665422032712
8473,0,0.0,0.001367276979219331
8476,0,0.0,0.0013119396102390444
8485,0,0.0,0.0015415102475718478
8486,0,0.0,0.0015003427199402246
8498,0,0.0,0.0012391121745010385
8503,0,0.0,0.0014629931222823085
8507,1,0.0,0.001295905969158285
8516,0,0.0,0.0014190603520233861
8518,0,0.0,0.0012136438903750633
8523,0,0.0,0.0012886041808378701
8524,0,0.0,0.0013132909667879934
8528,0,0.0,0.001367276979219331
8532,0,0.0,0.0014657445761343093
8533,0,0.0,0.0022252479326669828
8542,0,0.0,0.0013124050577714885
8566,0,0.0,0.0013085321387882136
8568,0,0.0,0.0013753986680790239
8570,0,0.0,0.001253660217340371
8576,0,0.0,0.0014075341597107813
8584,0,0.0,0.0013001729280181463
8587,0,0.0,0.001250975270308126
8596,0,0.0,0.0014277656091305647
8599,0,0.0,0.0013087210510689497
8613,0,0.0,0.0015135155632551834
8622,0,0.0,0.00157185507036222
8636,0,0.0,0.00129685333589777
8637,0,0.0,0.0012666682004000504
8641,0,0.0,0.001752928427165339
8643,0,0.0,0.0012662027528676065
8644,0,0.0,0.0013651837062401604
8646,0,0.0,0.0012576684087236886
8647,0,0.0,0.0013195009633874951
8655,0,0.0,0.001391595497379296
8659,0,0.0,0.001343844513908828
8660,0,0.0,0.0018302611740456769
8663,0,0.0,0.0012733602151152967
8664,0,0.0,0.0012486734291651733
8666,0,0.0,0.0023254166214009124
8671,0,0.0,0.0012364328480505833
8682,0,0.0,0.0012624096929014373
8689,0,0.0,0.001744077627060556
8694,0,0.0,0.0014993017382273653
8696,0,0.0,0.0015661682675181757
8698,0,0.0,0.0013215401218478933
8699,0,0.0,0.0014595295508238457
8709,0,0.0,0.001516012278396883
8710,0,0.0,0.0013215401218478933
8713,0,0.0,0.0013215401218478933
8714,0,0.0,0.0012666682004000504
8718,0,0.0,0.0013531411894720608
8719,0,0.0,0.0013215401218478933
8729,0,0.0,0.0012909763073100581
8730,0,0.0,0.0023455728527682525
8731,0,0.0,0.0012655149509561573
8733,0,0.0,0.0012601554030238905
8738,0,0.0,0.0013150273244717334
8743,0,0.0,0.0013049612827394643
8746,0,0.0,0.001465335656522587
8748,0,0.0,0.0012733602151152967
8752,0,0.0,0.0012372169658683586
8759,0,0.0,0.0012984006797988293
8760,0,0.0,0.0013171679268374273
8765,0,0.0,0.0012870964788515603
8771,0,0.0,0.0020683161086856978
8773,0,0.0,0.00129685333589777
8775,0,0.0,0.00157185507036222
8778,0,0.0,0.0012991551770407228
8792,0,0.0,0.001398108294755456
8804,0,0.0,0.0014295175923207798
8806,0,0.0,0.001297803820491774
8809,0,0.0,0.001459079501484549
8810,0,0.0,0.0013195009633874951
8816,0,0.0,0.001304684896432662
8817,0,0.0,0.001391595497379296
8820,0,0.0,0.0013068361263778334
8823,0,0.0,0.0014081503984910329
8833,0,0.0,0.0012870964788515603
8834,0,0.0,0.0012870964788515603
8835,0,0.0,0.0013855640757665386
8841,0,0.0,0.0012193521619804546
8847,1,1.0,0.9098883810280869
8850,0,0.0,0.00129685333589777
8851,0,0.0,0.0013150449361643735
8854,0,0.0,0.001346646003788541
8856,0,0.0,0.0012903581502142505
8859,0,0.0,0.0013150449361643735
8870,0,0.0,0.0013150449361643735
8871,0,0.0,0.0012587518969181426
8876,0,0.0,0.0012637153831058369
8877,0,0.0,0.0014901679218914344
8878,0,0.0,0.0013988917764769149
8888,0,0.0,0.0013085321387882136
8889,0,0.0,0.0012531947698079264
8890,0,0.0,0.006174823058920559
8895,0,0.0,0.0012885071449285413
8897,0,0.0,0.0012733602151152967
8898,0,0.0,0.0012056158982441908
8900,0,0.0,0.001414029345394301
8901,0,0.0,0.001414029345394301
8912,0,0.0,0.001232224557403718
8914,0,0.0,0.0012878233265617711
8926,0,0.0,0.015567275747655363
8932,0,0.0,0.0014466490339643734
8934,0,0.0,0.0014993017382273653
8936,0,0.0,0.0012666682004000504
8938,0,0.0,0.0015132625357418506
8939,0,0.0,0.0014993017382273653
8940,0,0.0,0.0016312072801152153
8945,0,0.0,0.0013531411894720608
8949,0,0.0,0.0012662027528676065
8955,0,0.0,0.0014563303052236294
8964,0,0.0,0.0014746162000177164
8965,0,0.0,0.0013646703497825843
8970,0,0.0,0.0014542911467632313
8971,0,0.0,0.0013195009633874951
8974,0,0.0,0.0014119035516053655
8979,0,0.0,0.0015070027658790233
8980,0,0.0,0.0012949052090191397
8984,0,0.0,0.0014413249054713276
8988,0,0.0,0.0012733602151152967
8989,0,0.0,0.0012184882936674538
8993,0,0.0,0.001250975270308126
8994,0,0.0,0.0012056158982441908
9001,0,0.0,0.001353963008142371
9004,0,0.0,0.0023216670843975314
9005,0,0.0,0.0012193521619804546
9007,0,0.0,0.0014122053909680406
9008,0,0.0,0.0017598714770611205
9009,0,0.0,0.0012843911745774943
9010,0,0.0,0.0012836151691283017
9011,0,0.0,0.0014087240812447823
9012,0,0.0,0.0015692119354547363
9014,0,0.0,0.0017080791520109842
9020,0,0.0,0.0013215401218478933
9022,0,0.0,0.0014993017382273653
9027,0,0.0,0.0017077151853774754
9029,0,0.0,0.0015546265044372597
9035,0,0.0,0.0013344206387073659
9043,0,0.0,0.0012662027528676065
9052,0,0.0,0.0012666682004000504
9058,0,0.0,0.0012641635944072084
9060,0,0.0,0.0012601554030238905
9064,0,0.0,0.0014401362365882133
9065,0,0.0,0.0012601554030238905
9077,0,0.0,0.0013718278120302746
9079,0,0.0,0.0012733602151152967
9093,0,0.0,0.0012836151691283017
9095,0,0.0,0.07246496445321897
9099,0,0.0,0.0014563303052236294
9101,0,0.0,0.0013651837062401604
9106,0,0.0,0.0014993017382273653
9107,0,0.0,0.0012666682004000504
9109,0,0.0,0.0015643407508244046
9113,0,0.0,0.0014928065525438457
9114,0,0.0,0.0012601730147165308
9130,0,0.0,0.0012903581502142505
9131,0,0.0,0.0013150449361643735
9136,0,0.0,0.0013938099486483732
9141,0,0.0,0.014848213830877968
9152,0,0.0,0.001266865029431777
9157,0,0.0,0.0012658877094811247
9160,0,0.0,0.0012056158982441908
9166,0,0.0,0.02863106020067908
9173,0,0.0,0.0012100074808823495
9175,1,1.0,0.81345691729216
9189,0,0.0,0.0013150449361643735
9198,0,0.0,0.0013874326219915072
9201,0,0.0,0.0012597075671840867
9211,0,0.0,0.007925015019330727
9213,0,0.0,0.0013566493620962427
9215,0,0.0,0.0013130057777039753
9217,0,0.0,0.001290620832896805
9219,0,0.0,0.002362157622382964
9224,0,0.0,0.001714440607706963
9231,0,0.0,0.0012404691392471942
9237,0,0.0,0.001266865029431777
9240,0,0.0,0.001298992663387129
9241,0,0.0,0.0012869461180115985
9242,0,0.0,0.0012421782434816537
9260,0,0.0,0.0017012199996939558
9266,0,0.0,0.0016205316073512662
9271,0,0.0,0.006126516690422539
9275,0,0.0,0.0013586885205566408
9280,0,0.0,0.0014681210143341968
9283,0,0.0,0.0013916131090719365
9290,0,0.0,0.0023872205150976466
9292,0,0.0,0.0023070637415490715
9296,0,0.0,0.0014236197632252986
9300,0,0.0,0.0012786477119473055
9309,0,0.0,0.0014877108309065534
9310,0,0.0,0.0012953410606950369
9311,0,0.0,0.0013068564913721443
9312,0,0.0,0.0013068564913721443
9314,0,0.0,0.0014988319327794346
9318,0,0.0,0.0013384575589963118
9319,0,0.0,0.0023953940963920882
9320,0,0.0,0.0012657208336605656
9323,0,0.0,0.0012528484382373021
9328,0,0.0,0.0013090773244313007
9338,0,0.0,0.006672576519712553
9342,0,0.0,0.0015412511740077863
9344,0,0.0,0.0016205316073512662
9354,0,0.0,0.002366610592419624
9356,0,0.0,0.0012903581502142505
9361,0,0.0,0.0013150449361643735
9364,0,0.0,0.0013150449361643735
9365,0,0.0,0.0012903581502142505
9374,0,0.0,0.0014135125330793513
9378,0,0.0,0.0012545461263568753
9379,0,0.0,0.001253660217340371
9386,0,0.0,0.001466735456580932
9394,0,0.0,0.0012128790170004389
9399,0,0.0,0.0012266152807367025
9402,0,0.0,0.0013910852879493256
9408,0,0.0,0.0014153914765437769
9410,0,0.0,0.0012524331974946594
9413,0,0.0,0.0016373593622772816
9416,0,0.0,0.0015255673597041478
9420,0,0.0,0.0012601730147165308
9432,0,0.0,0.0013171019192666522
9434,0,0.0,0.0013387560850024614
9437,0,0.0,0.001346646003788541
9444,0,0.0,0.0013047025081253025
9445,0,0.0,0.005227210494589253
9453,0,0.0,0.0012897732256318781
9455,0,0.0,0.0013492487511660638
9462,0,0.0,0.001359502285711781
9467,0,0.0,0.0014464350294691982
9469,0,0.0,0.0015489964188988422
9475,0,0.0,0.0013375797714160168
9483,0,0.0,0.001297648643629732
9488,0,0.0,0.0021018123849425455
9490,0,0.0,0.009636041827386088
9505,0,0.0,0.0016676506475516775
9511,0,0.0,0.0016183742561873017
9530,0,0.0,0.0015195171568476024
9533,0,0.0,0.001957221646514326
9534,0,0.0,0.0013637059467918036
9546,0,0.0,0.001685908801530634
9549,0,0.0,0.0014868523360527402
9550,0,0.0,0.0014386710990568394
9554,0,0.0,0.0014688793919536219
9555,0,0.0,0.0016543631506270833
9561,0,0.0,0.0014432061052232431
9563,0,0.0,0.0016818918713820362
9564,0,0.0,0.0016608208099432131
9565,0,0.0,0.001475901813838881
9567,0,0.0,0.0015005885997890038
9568,0,0.0,0.0017274569656869974
9572,0,0.0,0.001368262540275937
9579,0,0.0,0.0015135726528254687
9590,0,0.0,0.001452650627556792
9594,0,0.0,0.0057291815370122965
9599,0,0.0,0.0014210495599326245
9609,0,0.0,0.0014259918832053927
9612,0,0.0,0.0015900751959416475
9624,0,0.0,0.005843509875113852
9626,0,0.0,0.001463810246355203
9634,0,0.0,0.0014972709339987256
9635,0,0.0,0.0015389785862039628
9637,0,0.0,0.0013606290720854378
9642,0,0.0,0.005678381936714691
9659,0,0.0,0.004635437861640576
9666,0,0.0,0.004459505228884875
9669,0,0.0,0.004459505228884875
9670,0,0.0,0.004459505228884875
9672,0,0.0,0.015177137101245918
9673,0,0.0,0.0013407142649034319
9674,0,0.0,0.0016026470292119616
9677,0,0.0,0.001366177638484782
9691,0,0.0,0.0014259918832053927
9698,0,0.0,0.0016498268988198942
9703,0,0.0,0.0014617661723104747
9715,0,0.0,0.004042793171240052
9727,0,0.0,0.001447319275836999
9731,0,0.0,0.001401345684463288
9743,0,0.0,0.0014150819481995515
9744,0,0.0,0.0014150819481995515
9749,0,0.0,0.0014778956061536313
9754,0,0.0,0.0022422751694074006
9761,0,0.0,0.0016135097601801195
9766,0,0.0,0.0013988780468434988
9767,0,0.0,0.0013448920344121607
9771,0,0.0,0.0013132909667879934
9772,0,0.0,0.0017187195327591643
9783,0,0.0,0.0017543408513032387
9790,0,0.0,0.0013103658993110904
9791,0,0.0,0.0013652378207589329
9793,0,0.0,0.0013112518083275952
9800,0,0.0,0.0013220034211853888
9805,0,0.0,0.0012862255159413543
9806,0,0.0,0.0012706542747449139
9809,0,0.0,0.0013187856733339308
9812,0,0.0,0.0012546244483171867
9814,0,0.0,0.0016215376515061463
9823,1,1.0,0.9507235312430797
9827,0,0.0,0.005778987106517631
9828,0,0.0,0.022914405447586522
9836,0,0.0,0.001367276979219331
9838,0,0.0,0.0015728611909308233
9839,0,0.0,0.001547736989949514
9848,0,0.0,0.0023872205150976466
9852,0,0.0,0.0014901679218914344
9853,0,0.0,0.0022997319201970667
9860,0,0.0,0.0013119396102390444
9861,0,0.0,0.0012584190453401507
9864,0,0.0,0.0014690801344086144
9870,0,0.0,0.0015057006052237875
9875,0,0.0,0.0014970537448271112
9878,0,0.0,0.0023240928193301986
9881,0,0.0,0.0013924473543891567
9895,0,0.0,0.0013205927551084079
9899,0,0.0,0.001501052765838591
9907,0,0.0,0.0019502509434314
9914,0,0.0,0.0012903581502142505
9917,0,0.0,0.0014928065525438457
9919,0,0.0,0.002265541628942053
9924,0,0.0,0.0014928065525438457
9925,0,0.0,0.001742113490181082
9929,0,0.0,0.0014681210143341968
9930,0,0.0,0.0012926599913572032
9933,0,0.0,0.0012903581502142505
9935,0,0.0,0.0014135125330793513
9936,0,0.0,0.0014546234742614272
9939,0,0.0,0.0013150449361643735
9943,0,0.0,0.0017285955178819809
9946,0,0.0,0.0013085321387882136
9952,0,0.0,0.02611056546269988
9956,0,0.0,0.001313613026869189
9957,0,0.0,0.0012820119592450215
9958,0,0.0,0.001266865029431777
9966,0,0.0,0.0012421782434816537
9979,0,0.0,0.0015690186800040933
9980,0,0.0,0.002757725543776847
9983,0,0.0,0.0012446571142794049
9986,0,0.0,0.0015764750542109844
